<Extensions><Version>1.8</Version><Panel>
    <Order>2</Order>
    <PanelId>panel_2</PanelId>
    <Origin>local</Origin>
    <Type>Home</Type>
    <Icon>Lightbulb</Icon>
    <Name>Panel</Name>
    <ActivityType>Custom</ActivityType>
    <Page>
      <Name>Page</Name>
      <Row>
        <Name>Row</Name>
        <Widget>
          <WidgetId>widget_1</WidgetId>
          <Type>Button</Type>
          <Options>size=1;icon=plus</Options>
        </Widget>
      </Row>
      <Options/>
    </Page>
  </Panel>
  </Extensions>