<Extensions><Version>1.8</Version><Panel>
    <Order>4</Order>
    <PanelId>panel_5</PanelId>
    <Origin>local</Origin>
    <Type>Statusbar</Type>
    <Icon>Camera</Icon>
    <Color>#FF3D67</Color>
    <Name>Speaker Tracking</Name>
    <ActivityType>Custom</ActivityType>
    <Page>
      <Name>Speaker Tracking</Name>
      <Row>
        <Name>Diag</Name>
        <Widget>
          <WidgetId>widget_2</WidgetId>
          <Name>Overview</Name>
          <Type>Text</Type>
          <Options>size=2;fontSize=normal;align=center</Options>
        </Widget>
        <Widget>
          <WidgetId>Diag</WidgetId>
          <Type>ToggleButton</Type>
          <Options>size=1</Options>
        </Widget>
      </Row>
      <PageId>Speaker Tracking</PageId>
      <Options>hideRowNames=1</Options>
    </Page>
  </Panel>
</Extensions>