<Extensions><Version>1.8</Version><Panel>
    <Order>3</Order>
    <PanelId>panel_4</PanelId>
    <Origin>local</Origin>
    <Type>Home</Type>
    <Icon>Tv</Icon>
    <Color>#02BBCC</Color>
    <Name>Digital Signage</Name>
    <ActivityType>Custom</ActivityType>
    <Page>
      <Name>Digital Signage</Name>
      <Row>
        <Name>Halfwake</Name>
        <Widget>
          <WidgetId>halfwake</WidgetId>
          <Name>Start</Name>
          <Type>Button</Type>
          <Options>size=2</Options>
        </Widget>
      </Row>
      <Options>hideRowNames=1</Options>
    </Page>
  </Panel>
  </Extensions>