<Extensions><Version>1.8</Version><Panel>
    <Order>2</Order>
    <PanelId>panel_2</PanelId>
    <Origin>local</Origin>
    <Type>Statusbar</Type>
    <Icon>Proximity</Icon>
    <Color>#00D6A2</Color>
    <Name>Proximity</Name>
    <ActivityType>Custom</ActivityType>
    <Page>
      <Name>Cisco Proximity Controls</Name>
      <Row>
        <Name>Cisco Proximity Mode</Name>
        <Widget>
          <WidgetId>toggle_proximity-mode</WidgetId>
          <Type>ToggleButton</Type>
          <Options>size=1</Options>
        </Widget>
      </Row>
      <Row>
        <Name>Ultrasound volume</Name>
        <Widget>
          <WidgetId>spinner_audio-ultrasound-maxvolume</WidgetId>
          <Type>Spinner</Type>
          <Options>size=2;style=plusminus</Options>
        </Widget>
        <Widget>
          <WidgetId>slider_audio-ultrasound-maxvolume</WidgetId>
          <Type>Slider</Type>
          <Options>size=2</Options>
        </Widget>
      </Row>
      <Row>
        <Name>Service: Share from clients</Name>
        <Widget>
          <WidgetId>toggle_proximity-services-contentshare-fromclients</WidgetId>
          <Type>ToggleButton</Type>
          <Options>size=1</Options>
        </Widget>
      </Row>
      <Row>
        <Name>Service: Share to clients</Name>
        <Widget>
          <WidgetId>toggle_proximity-services-contentshare-toclients</WidgetId>
          <Type>ToggleButton</Type>
          <Options>size=1</Options>
        </Widget>
      </Row>
      <Row>
        <Name>Service: Call Control</Name>
        <Widget>
          <WidgetId>toggle_proximity-services-callcontrol</WidgetId>
          <Type>ToggleButton</Type>
          <Options>size=1</Options>
        </Widget>
      </Row>
      <Options/>
    </Page>
  </Panel>
  </Extensions>