<Extensions><Version>1.8</Version><Panel>
    <Order>1</Order>
    <PanelId>panel_1</PanelId>
    <Origin>local</Origin>
    <Type>Statusbar</Type>
    <Icon>Disc</Icon>
    <Color>#FFB400</Color>
    <Name>Distortion correction</Name>
    <ActivityType>Custom</ActivityType>
    <Page>
      <Name>Distortion correction</Name>
      <Row>
        <Name>Choose mode:</Name>
        <Widget>
          <WidgetId>distortion_mode</WidgetId>
          <Type>GroupButton</Type>
          <Options>size=4;columns=3</Options>
          <ValueSpace>
            <Value>
              <Key>fisheye</Key>
              <Name>Fisheye</Name>
            </Value>
            <Value>
              <Key>custom</Key>
              <Name>Custom</Name>
            </Value>
            <Value>
              <Key>pinhole</Key>
              <Name>Pinhole</Name>
            </Value>
          </ValueSpace>
        </Widget>
      </Row>
      <Row>
        <Name>Choose correction amount:</Name>
        <Widget>
          <WidgetId>distortion_strength</WidgetId>
          <Type>Slider</Type>
          <Options>size=4</Options>
        </Widget>
      </Row>
      <Options>hideRowNames=0</Options>
    </Page>
  </Panel>
  </Extensions>