<?xml version="1.0" encoding="UTF-8"?>
<LocalPhoneBook>
  <Contact localId="localContactId-1" type="Person">
    <DisplayName>Fabien Barthez Resp Projet</DisplayName>
    <Tag>Favorite</Tag>
    <ContactMethodGroup type="only_one_group">
      <ContactMethod type="" localId="1">
        <Uri>059e6b02-c1c6-4cac-bad4-68969bddfcf9</Uri>
        <Protocol/>
        <CallRate>0</CallRate>
        <CallType/>
      </ContactMethod>
    </ContactMethodGroup>
  </Contact>
  <Contact localId="localContactId-2" type="Person">
    <DisplayName>Bruno BENARD</DisplayName>
    <Tag>Favorite</Tag>
    <ContactMethodGroup type="only_one_group">
      <ContactMethod type="" localId="1">
        <Uri>bruno.benard@ipsilan-networks.fr</Uri>
        <Protocol/>
        <CallRate>0</CallRate>
        <CallType/>
      </ContactMethod>
    </ContactMethodGroup>
  </Contact>
</LocalPhoneBook>
