<Extensions><Version>1.8</Version><Panel>
    <Order>2</Order>
    <PanelId>panel_1</PanelId>
    <Origin>local</Origin>
    <Type>Home</Type>
    <Icon>Language</Icon>
    <Name>Language</Name>
    <ActivityType>Custom</ActivityType>
    <Page>
      <Name>Language</Name>
      <Row>
        <Name>Row</Name>
        <Widget>
          <WidgetId>lang_french</WidgetId>
          <Name>French</Name>
          <Type>Button</Type>
          <Options>size=3</Options>
        </Widget>
      </Row>
      <Row>
        <Name>Row</Name>
        <Widget>
          <WidgetId>lang_italian</WidgetId>
          <Name>Italian</Name>
          <Type>Button</Type>
          <Options>size=3</Options>
        </Widget>
      </Row>
      <Row>
        <Name>Row</Name>
        <Widget>
          <WidgetId>lang_german</WidgetId>
          <Name>German</Name>
          <Type>Button</Type>
          <Options>size=3</Options>
        </Widget>
      </Row>
      <Row>
        <Name>Row</Name>
        <Widget>
          <WidgetId>lang_english</WidgetId>
          <Name>English</Name>
          <Type>Button</Type>
          <Options>size=3</Options>
        </Widget>
      </Row>
      <Options>hideRowNames=1</Options>
    </Page>
  </Panel>
  </Extensions>