<Extensions><Version>1.8</Version><Panel>
    <Order>3</Order>
    <PanelId>panel-2</PanelId>
    <Origin>local</Origin>
    <Type>InCall</Type>
    <Icon>Sliders</Icon>
    <Color>#A866FF</Color>
    <Name>Devs</Name>
    <ActivityType>Custom</ActivityType>
    <Page>
      <Name>Proximity</Name>
      <Row>
        <Name>Activer Proximity</Name>
        <Widget>
          <WidgetId>t_p-mode</WidgetId>
          <Type>ToggleButton</Type>
          <Options>size=1</Options>
        </Widget>
      </Row>
      <Row>
        <Name>Volume des ultrasons</Name>
        <Widget>
          <WidgetId>sp_a-ultrasound-maxvolume</WidgetId>
          <Type>Spinner</Type>
          <Options>size=2;style=plusminus</Options>
        </Widget>
        <Widget>
          <WidgetId>s_a-ultrasound-maxvolume</WidgetId>
          <Type>Slider</Type>
          <Options>size=2</Options>
        </Widget>
      </Row>
      <Row>
        <Name>Partager depuis un client</Name>
      </Row>
      <Row>
        <Name>Partager vers un client</Name>
        <Widget>
          <WidgetId>ts_p-services-contentshare-toclients</WidgetId>
          <Type>ToggleButton</Type>
          <Options>size=1</Options>
        </Widget>
      </Row>
      <Row>
        <Name>Contr&#244;le d'appel</Name>
        <Widget>
          <WidgetId>ts_p-services-callcontrol</WidgetId>
          <Type>ToggleButton</Type>
          <Options>size=1</Options>
        </Widget>
      </Row>
      <Options/>
    </Page>
    <Page>
      <Name>Language</Name>
      <Row>
        <Name>Row</Name>
        <Widget>
          <WidgetId>lang_description</WidgetId>
          <Name>Veuillez choisir une langue</Name>
          <Type>Text</Type>
          <Options>size=4;align=center;fontSize=small</Options>
        </Widget>
      </Row>
      <Row>
        <Name>Row</Name>
        <Widget>
          <WidgetId>lang_spinner</WidgetId>
          <Type>Spinner</Type>
          <Options>size=4;style=horizontal</Options>
        </Widget>
      </Row>
      <Row>
        <Name>Row</Name>
        <Widget>
          <WidgetId>lang_submit</WidgetId>
          <Name>Submit</Name>
          <Type>Button</Type>
          <Options>size=4</Options>
        </Widget>
      </Row>
      <PageId>lang_title</PageId>
      <Options>hideRowNames=1</Options>
    </Page>
  </Panel>
  </Extensions>