<Extensions><Version>1.8</Version><Panel>
    <Order>2</Order>
    <PanelId>Briefing</PanelId>
    <Origin>local</Origin>
    <ActivityType>Custom</ActivityType>
    <Type>Statusbar</Type>
    <Icon>Camera</Icon>
    <Name>Briefing Room</Name>
    <Page>
      <Name>Briefing Room</Name>
      <Row>
        <Name/>
        <Widget>
          <WidgetId>local_presenter</WidgetId>
          <Name>Local Presenter</Name>
          <Type>Button</Type>
          <Options>size=3</Options>
        </Widget>
      </Row>
      <Row>
        <Name/>
        <Widget>
          <WidgetId>remote_presenter</WidgetId>
          <Name>Remote Presenter</Name>
          <Type>Button</Type>
          <Options>size=3</Options>
        </Widget>
      </Row>
      <Row>
        <Name/>
        <Widget>
          <WidgetId>discussion</WidgetId>
          <Name>Discussion</Name>
          <Type>Button</Type>
          <Options>size=3</Options>
        </Widget>
      </Row>
      <PageId>briefing_page</PageId>
      <Options>hideRowNames=1</Options>
    </Page>
  </Panel>
  </Extensions>