<Extensions><Version>1.8</Version><Panel>
    <Order>3</Order>
    <PanelId>env_stats</PanelId>
    <Origin>local</Origin>
    <Type>Statusbar</Type>
    <Icon>Hvac</Icon>
    <Color>#FFB400</Color>
    <Name>Environmental Stats</Name>
    <ActivityType>Custom</ActivityType>
    <Page>
      <Name>Environmental Stats</Name>
      <Row>
        <Name>Row</Name>
        <Widget>
          <WidgetId>date_time</WidgetId>
          <Name>Date Time</Name>
          <Type>Text</Type>
          <Options>size=3;fontSize=normal;align=center</Options>
        </Widget>
      </Row>
      <Row>
        <Name>Ambient Noise</Name>
        <Widget>
          <WidgetId>widget_3</WidgetId>
          <Name>Ambiant Noise</Name>
          <Type>Text</Type>
          <Options>size=2;fontSize=normal;align=center</Options>
        </Widget>
        <Widget>
          <WidgetId>amb_value</WidgetId>
          <Name>Value</Name>
          <Type>Text</Type>
          <Options>size=2;fontSize=normal;align=center</Options>
        </Widget>
      </Row>
      <Row>
        <Name>Sound Level</Name>
        <Widget>
          <WidgetId>widget_4</WidgetId>
          <Name>Sound level</Name>
          <Type>Text</Type>
          <Options>size=2;fontSize=normal;align=center</Options>
        </Widget>
        <Widget>
          <WidgetId>sound_value</WidgetId>
          <Name>Value</Name>
          <Type>Text</Type>
          <Options>size=2;fontSize=normal;align=center</Options>
        </Widget>
      </Row>
      <Row>
        <Name>Stop polling &amp; QUIT</Name>
        <Widget>
          <WidgetId>btn_stop_data</WidgetId>
          <Type>Button</Type>
          <Options>size=1;icon=end</Options>
        </Widget>
      </Row>
      <Options>hideRowNames=1</Options>
    </Page>
    <Page>
      <Name>Presence</Name>
      <Row>
        <Name>Row</Name>
        <Widget>
          <WidgetId>date_time</WidgetId>
          <Name>Date Time</Name>
          <Type>Text</Type>
          <Options>size=3;fontSize=normal;align=center</Options>
        </Widget>
      </Row>
      <Row>
        <Name>People Count</Name>
        <Widget>
          <WidgetId>widget_6</WidgetId>
          <Name>People Count</Name>
          <Type>Text</Type>
          <Options>size=2;fontSize=normal;align=center</Options>
        </Widget>
        <Widget>
          <WidgetId>count_value</WidgetId>
          <Name>Text</Name>
          <Type>Text</Type>
          <Options>size=2;fontSize=normal;align=center</Options>
        </Widget>
      </Row>
      <Row>
        <Name>People Presence</Name>
        <Widget>
          <WidgetId>widget_7</WidgetId>
          <Name>People Presence</Name>
          <Type>Text</Type>
          <Options>size=2;fontSize=normal;align=center</Options>
        </Widget>
        <Widget>
          <WidgetId>pres_value</WidgetId>
          <Name>Text</Name>
          <Type>Text</Type>
          <Options>size=2;fontSize=normal;align=center</Options>
        </Widget>
      </Row>
      <Row>
        <Name/>
        <Widget>
          <WidgetId>btn_stop_data</WidgetId>
          <Type>Button</Type>
          <Options>size=1;icon=end</Options>
        </Widget>
      </Row>
      <PageId>date_Time</PageId>
      <Options>hideRowNames=1</Options>
    </Page>
  </Panel>
</Extensions>